<?xml version="1.0"?>
<RunCompletionStatus xmlns:xsd="http://www.w3.org/2001/XMLSchema" xmlns:xsi="http://www.w3.org/2001/XMLSchema-instance">
  <Version>1</Version>
  <CompletionStatus>CompletedAsPlanned</CompletionStatus>
  <RunId>210802_NS500448_0043_AHHGHVBGXH</RunId>
  <PlannedRead1Cycles>101</PlannedRead1Cycles>
  <PlannedRead2Cycles>101</PlannedRead2Cycles>
  <PlannedIndex1ReadCycles>8</PlannedIndex1ReadCycles>
  <PlannedIndex2ReadCycles>8</PlannedIndex2ReadCycles>
  <CompletedRead1Cycles>101</CompletedRead1Cycles>
  <CompletedRead2Cycles>101</CompletedRead2Cycles>
  <CompletedIndex1ReadCycles>8</CompletedIndex1ReadCycles>
  <CompletedIndex2ReadCycles>8</CompletedIndex2ReadCycles>
  <ClusterDensity>214.525482</ClusterDensity>
  <ClustersPassingFilter>86.68509</ClustersPassingFilter>
  <EstimatedYield>103.259056</EstimatedYield>
  <ErrorDescription>None</ErrorDescription>
</RunCompletionStatus>