<?xml version="1.0"?>
<RunInfo xmlns:xsd="http://www.w3.org/2001/XMLSchema" xmlns:xsi="http://www.w3.org/2001/XMLSchema-instance" Version="4">
  <Run Id="210802_NS500448_0043_AHHGHVBGXH" Number="43">
    <Flowcell>HHGHVBGXH</Flowcell>
    <Instrument>NS500448</Instrument>
    <Date>210802</Date>
    <Reads>
      <Read Number="1" NumCycles="101" IsIndexedRead="N" />
      <Read Number="2" NumCycles="8" IsIndexedRead="Y" />
      <Read Number="3" NumCycles="8" IsIndexedRead="Y" />
      <Read Number="4" NumCycles="101" IsIndexedRead="N" />
    </Reads>
    <FlowcellLayout LaneCount="4" SurfaceCount="2" SwathCount="3" TileCount="12" SectionPerLane="3" LanePerSection="2">
      <TileSet TileNamingConvention="FiveDigit">
        <Tiles>
          <Tile>1_11101</Tile>
          <Tile>1_21101</Tile>
          <Tile>1_11102</Tile>
          <Tile>1_21102</Tile>
          <Tile>1_11103</Tile>
          <Tile>1_21103</Tile>
          <Tile>1_11104</Tile>
          <Tile>1_21104</Tile>
          <Tile>1_11105</Tile>
          <Tile>1_21105</Tile>
          <Tile>1_11106</Tile>
          <Tile>1_21106</Tile>
          <Tile>1_11107</Tile>
          <Tile>1_21107</Tile>
          <Tile>1_11108</Tile>
          <Tile>1_21108</Tile>
          <Tile>1_11109</Tile>
          <Tile>1_21109</Tile>
          <Tile>1_11110</Tile>
          <Tile>1_21110</Tile>
          <Tile>1_11111</Tile>
          <Tile>1_21111</Tile>
          <Tile>1_11112</Tile>
          <Tile>1_21112</Tile>
          <Tile>1_12101</Tile>
          <Tile>1_22101</Tile>
          <Tile>1_12102</Tile>
          <Tile>1_22102</Tile>
          <Tile>1_12103</Tile>
          <Tile>1_22103</Tile>
          <Tile>1_12104</Tile>
          <Tile>1_22104</Tile>
          <Tile>1_12105</Tile>
          <Tile>1_22105</Tile>
          <Tile>1_12106</Tile>
          <Tile>1_22106</Tile>
          <Tile>1_12107</Tile>
          <Tile>1_22107</Tile>
          <Tile>1_12108</Tile>
          <Tile>1_22108</Tile>
          <Tile>1_12109</Tile>
          <Tile>1_22109</Tile>
          <Tile>1_12110</Tile>
          <Tile>1_22110</Tile>
          <Tile>1_12111</Tile>
          <Tile>1_22111</Tile>
          <Tile>1_12112</Tile>
          <Tile>1_22112</Tile>
          <Tile>1_13101</Tile>
          <Tile>1_23101</Tile>
          <Tile>1_13102</Tile>
          <Tile>1_23102</Tile>
          <Tile>1_13103</Tile>
          <Tile>1_23103</Tile>
          <Tile>1_13104</Tile>
          <Tile>1_23104</Tile>
          <Tile>1_13105</Tile>
          <Tile>1_23105</Tile>
          <Tile>1_13106</Tile>
          <Tile>1_23106</Tile>
          <Tile>1_13107</Tile>
          <Tile>1_23107</Tile>
          <Tile>1_13108</Tile>
          <Tile>1_23108</Tile>
          <Tile>1_13109</Tile>
          <Tile>1_23109</Tile>
          <Tile>1_13110</Tile>
          <Tile>1_23110</Tile>
          <Tile>1_13111</Tile>
          <Tile>1_23111</Tile>
          <Tile>1_13112</Tile>
          <Tile>1_23112</Tile>
          <Tile>2_11101</Tile>
          <Tile>2_21101</Tile>
          <Tile>2_11102</Tile>
          <Tile>2_21102</Tile>
          <Tile>2_11103</Tile>
          <Tile>2_21103</Tile>
          <Tile>2_11104</Tile>
          <Tile>2_21104</Tile>
          <Tile>2_11105</Tile>
          <Tile>2_21105</Tile>
          <Tile>2_11106</Tile>
          <Tile>2_21106</Tile>
          <Tile>2_11107</Tile>
          <Tile>2_21107</Tile>
          <Tile>2_11108</Tile>
          <Tile>2_21108</Tile>
          <Tile>2_11109</Tile>
          <Tile>2_21109</Tile>
          <Tile>2_11110</Tile>
          <Tile>2_21110</Tile>
          <Tile>2_11111</Tile>
          <Tile>2_21111</Tile>
          <Tile>2_11112</Tile>
          <Tile>2_21112</Tile>
          <Tile>2_12101</Tile>
          <Tile>2_22101</Tile>
          <Tile>2_12102</Tile>
          <Tile>2_22102</Tile>
          <Tile>2_12103</Tile>
          <Tile>2_22103</Tile>
          <Tile>2_12104</Tile>
          <Tile>2_22104</Tile>
          <Tile>2_12105</Tile>
          <Tile>2_22105</Tile>
          <Tile>2_12106</Tile>
          <Tile>2_22106</Tile>
          <Tile>2_12107</Tile>
          <Tile>2_22107</Tile>
          <Tile>2_12108</Tile>
          <Tile>2_22108</Tile>
          <Tile>2_12109</Tile>
          <Tile>2_22109</Tile>
          <Tile>2_12110</Tile>
          <Tile>2_22110</Tile>
          <Tile>2_12111</Tile>
          <Tile>2_22111</Tile>
          <Tile>2_12112</Tile>
          <Tile>2_22112</Tile>
          <Tile>2_13101</Tile>
          <Tile>2_23101</Tile>
          <Tile>2_13102</Tile>
          <Tile>2_23102</Tile>
          <Tile>2_13103</Tile>
          <Tile>2_23103</Tile>
          <Tile>2_13104</Tile>
          <Tile>2_23104</Tile>
          <Tile>2_13105</Tile>
          <Tile>2_23105</Tile>
          <Tile>2_13106</Tile>
          <Tile>2_23106</Tile>
          <Tile>2_13107</Tile>
          <Tile>2_23107</Tile>
          <Tile>2_13108</Tile>
          <Tile>2_23108</Tile>
          <Tile>2_13109</Tile>
          <Tile>2_23109</Tile>
          <Tile>2_13110</Tile>
          <Tile>2_23110</Tile>
          <Tile>2_13111</Tile>
          <Tile>2_23111</Tile>
          <Tile>2_13112</Tile>
          <Tile>2_23112</Tile>
          <Tile>1_11201</Tile>
          <Tile>1_21201</Tile>
          <Tile>1_11202</Tile>
          <Tile>1_21202</Tile>
          <Tile>1_11203</Tile>
          <Tile>1_21203</Tile>
          <Tile>1_11204</Tile>
          <Tile>1_21204</Tile>
          <Tile>1_11205</Tile>
          <Tile>1_21205</Tile>
          <Tile>1_11206</Tile>
          <Tile>1_21206</Tile>
          <Tile>1_11207</Tile>
          <Tile>1_21207</Tile>
          <Tile>1_11208</Tile>
          <Tile>1_21208</Tile>
          <Tile>1_11209</Tile>
          <Tile>1_21209</Tile>
          <Tile>1_11210</Tile>
          <Tile>1_21210</Tile>
          <Tile>1_11211</Tile>
          <Tile>1_21211</Tile>
          <Tile>1_11212</Tile>
          <Tile>1_21212</Tile>
          <Tile>1_12201</Tile>
          <Tile>1_22201</Tile>
          <Tile>1_12202</Tile>
          <Tile>1_22202</Tile>
          <Tile>1_12203</Tile>
          <Tile>1_22203</Tile>
          <Tile>1_12204</Tile>
          <Tile>1_22204</Tile>
          <Tile>1_12205</Tile>
          <Tile>1_22205</Tile>
          <Tile>1_12206</Tile>
          <Tile>1_22206</Tile>
          <Tile>1_12207</Tile>
          <Tile>1_22207</Tile>
          <Tile>1_12208</Tile>
          <Tile>1_22208</Tile>
          <Tile>1_12209</Tile>
          <Tile>1_22209</Tile>
          <Tile>1_12210</Tile>
          <Tile>1_22210</Tile>
          <Tile>1_12211</Tile>
          <Tile>1_22211</Tile>
          <Tile>1_12212</Tile>
          <Tile>1_22212</Tile>
          <Tile>1_13201</Tile>
          <Tile>1_23201</Tile>
          <Tile>1_13202</Tile>
          <Tile>1_23202</Tile>
          <Tile>1_13203</Tile>
          <Tile>1_23203</Tile>
          <Tile>1_13204</Tile>
          <Tile>1_23204</Tile>
          <Tile>1_13205</Tile>
          <Tile>1_23205</Tile>
          <Tile>1_13206</Tile>
          <Tile>1_23206</Tile>
          <Tile>1_13207</Tile>
          <Tile>1_23207</Tile>
          <Tile>1_13208</Tile>
          <Tile>1_23208</Tile>
          <Tile>1_13209</Tile>
          <Tile>1_23209</Tile>
          <Tile>1_13210</Tile>
          <Tile>1_23210</Tile>
          <Tile>1_13211</Tile>
          <Tile>1_23211</Tile>
          <Tile>1_13212</Tile>
          <Tile>1_23212</Tile>
          <Tile>2_11201</Tile>
          <Tile>2_21201</Tile>
          <Tile>2_11202</Tile>
          <Tile>2_21202</Tile>
          <Tile>2_11203</Tile>
          <Tile>2_21203</Tile>
          <Tile>2_11204</Tile>
          <Tile>2_21204</Tile>
          <Tile>2_11205</Tile>
          <Tile>2_21205</Tile>
          <Tile>2_11206</Tile>
          <Tile>2_21206</Tile>
          <Tile>2_11207</Tile>
          <Tile>2_21207</Tile>
          <Tile>2_11208</Tile>
          <Tile>2_21208</Tile>
          <Tile>2_11209</Tile>
          <Tile>2_21209</Tile>
          <Tile>2_11210</Tile>
          <Tile>2_21210</Tile>
          <Tile>2_11211</Tile>
          <Tile>2_21211</Tile>
          <Tile>2_11212</Tile>
          <Tile>2_21212</Tile>
          <Tile>2_12201</Tile>
          <Tile>2_22201</Tile>
          <Tile>2_12202</Tile>
          <Tile>2_22202</Tile>
          <Tile>2_12203</Tile>
          <Tile>2_22203</Tile>
          <Tile>2_12204</Tile>
          <Tile>2_22204</Tile>
          <Tile>2_12205</Tile>
          <Tile>2_22205</Tile>
          <Tile>2_12206</Tile>
          <Tile>2_22206</Tile>
          <Tile>2_12207</Tile>
          <Tile>2_22207</Tile>
          <Tile>2_12208</Tile>
          <Tile>2_22208</Tile>
          <Tile>2_12209</Tile>
          <Tile>2_22209</Tile>
          <Tile>2_12210</Tile>
          <Tile>2_22210</Tile>
          <Tile>2_12211</Tile>
          <Tile>2_22211</Tile>
          <Tile>2_12212</Tile>
          <Tile>2_22212</Tile>
          <Tile>2_13201</Tile>
          <Tile>2_23201</Tile>
          <Tile>2_13202</Tile>
          <Tile>2_23202</Tile>
          <Tile>2_13203</Tile>
          <Tile>2_23203</Tile>
          <Tile>2_13204</Tile>
          <Tile>2_23204</Tile>
          <Tile>2_13205</Tile>
          <Tile>2_23205</Tile>
          <Tile>2_13206</Tile>
          <Tile>2_23206</Tile>
          <Tile>2_13207</Tile>
          <Tile>2_23207</Tile>
          <Tile>2_13208</Tile>
          <Tile>2_23208</Tile>
          <Tile>2_13209</Tile>
          <Tile>2_23209</Tile>
          <Tile>2_13210</Tile>
          <Tile>2_23210</Tile>
          <Tile>2_13211</Tile>
          <Tile>2_23211</Tile>
          <Tile>2_13212</Tile>
          <Tile>2_23212</Tile>
          <Tile>1_11301</Tile>
          <Tile>1_21301</Tile>
          <Tile>1_11302</Tile>
          <Tile>1_21302</Tile>
          <Tile>1_11303</Tile>
          <Tile>1_21303</Tile>
          <Tile>1_11304</Tile>
          <Tile>1_21304</Tile>
          <Tile>1_11305</Tile>
          <Tile>1_21305</Tile>
          <Tile>1_11306</Tile>
          <Tile>1_21306</Tile>
          <Tile>1_11307</Tile>
          <Tile>1_21307</Tile>
          <Tile>1_11308</Tile>
          <Tile>1_21308</Tile>
          <Tile>1_11309</Tile>
          <Tile>1_21309</Tile>
          <Tile>1_11310</Tile>
          <Tile>1_21310</Tile>
          <Tile>1_11311</Tile>
          <Tile>1_21311</Tile>
          <Tile>1_11312</Tile>
          <Tile>1_21312</Tile>
          <Tile>1_12301</Tile>
          <Tile>1_22301</Tile>
          <Tile>1_12302</Tile>
          <Tile>1_22302</Tile>
          <Tile>1_12303</Tile>
          <Tile>1_22303</Tile>
          <Tile>1_12304</Tile>
          <Tile>1_22304</Tile>
          <Tile>1_12305</Tile>
          <Tile>1_22305</Tile>
          <Tile>1_12306</Tile>
          <Tile>1_22306</Tile>
          <Tile>1_12307</Tile>
          <Tile>1_22307</Tile>
          <Tile>1_12308</Tile>
          <Tile>1_22308</Tile>
          <Tile>1_12309</Tile>
          <Tile>1_22309</Tile>
          <Tile>1_12310</Tile>
          <Tile>1_22310</Tile>
          <Tile>1_12311</Tile>
          <Tile>1_22311</Tile>
          <Tile>1_12312</Tile>
          <Tile>1_22312</Tile>
          <Tile>1_13301</Tile>
          <Tile>1_23301</Tile>
          <Tile>1_13302</Tile>
          <Tile>1_23302</Tile>
          <Tile>1_13303</Tile>
          <Tile>1_23303</Tile>
          <Tile>1_13304</Tile>
          <Tile>1_23304</Tile>
          <Tile>1_13305</Tile>
          <Tile>1_23305</Tile>
          <Tile>1_13306</Tile>
          <Tile>1_23306</Tile>
          <Tile>1_13307</Tile>
          <Tile>1_23307</Tile>
          <Tile>1_13308</Tile>
          <Tile>1_23308</Tile>
          <Tile>1_13309</Tile>
          <Tile>1_23309</Tile>
          <Tile>1_13310</Tile>
          <Tile>1_23310</Tile>
          <Tile>1_13311</Tile>
          <Tile>1_23311</Tile>
          <Tile>1_13312</Tile>
          <Tile>1_23312</Tile>
          <Tile>2_11301</Tile>
          <Tile>2_21301</Tile>
          <Tile>2_11302</Tile>
          <Tile>2_21302</Tile>
          <Tile>2_11303</Tile>
          <Tile>2_21303</Tile>
          <Tile>2_11304</Tile>
          <Tile>2_21304</Tile>
          <Tile>2_11305</Tile>
          <Tile>2_21305</Tile>
          <Tile>2_11306</Tile>
          <Tile>2_21306</Tile>
          <Tile>2_11307</Tile>
          <Tile>2_21307</Tile>
          <Tile>2_11308</Tile>
          <Tile>2_21308</Tile>
          <Tile>2_11309</Tile>
          <Tile>2_21309</Tile>
          <Tile>2_11310</Tile>
          <Tile>2_21310</Tile>
          <Tile>2_11311</Tile>
          <Tile>2_21311</Tile>
          <Tile>2_11312</Tile>
          <Tile>2_21312</Tile>
          <Tile>2_12301</Tile>
          <Tile>2_22301</Tile>
          <Tile>2_12302</Tile>
          <Tile>2_22302</Tile>
          <Tile>2_12303</Tile>
          <Tile>2_22303</Tile>
          <Tile>2_12304</Tile>
          <Tile>2_22304</Tile>
          <Tile>2_12305</Tile>
          <Tile>2_22305</Tile>
          <Tile>2_12306</Tile>
          <Tile>2_22306</Tile>
          <Tile>2_12307</Tile>
          <Tile>2_22307</Tile>
          <Tile>2_12308</Tile>
          <Tile>2_22308</Tile>
          <Tile>2_12309</Tile>
          <Tile>2_22309</Tile>
          <Tile>2_12310</Tile>
          <Tile>2_22310</Tile>
          <Tile>2_12311</Tile>
          <Tile>2_22311</Tile>
          <Tile>2_12312</Tile>
          <Tile>2_22312</Tile>
          <Tile>2_13301</Tile>
          <Tile>2_23301</Tile>
          <Tile>2_13302</Tile>
          <Tile>2_23302</Tile>
          <Tile>2_13303</Tile>
          <Tile>2_23303</Tile>
          <Tile>2_13304</Tile>
          <Tile>2_23304</Tile>
          <Tile>2_13305</Tile>
          <Tile>2_23305</Tile>
          <Tile>2_13306</Tile>
          <Tile>2_23306</Tile>
          <Tile>2_13307</Tile>
          <Tile>2_23307</Tile>
          <Tile>2_13308</Tile>
          <Tile>2_23308</Tile>
          <Tile>2_13309</Tile>
          <Tile>2_23309</Tile>
          <Tile>2_13310</Tile>
          <Tile>2_23310</Tile>
          <Tile>2_13311</Tile>
          <Tile>2_23311</Tile>
          <Tile>2_13312</Tile>
          <Tile>2_23312</Tile>
          <Tile>3_11401</Tile>
          <Tile>3_21401</Tile>
          <Tile>3_11402</Tile>
          <Tile>3_21402</Tile>
          <Tile>3_11403</Tile>
          <Tile>3_21403</Tile>
          <Tile>3_11404</Tile>
          <Tile>3_21404</Tile>
          <Tile>3_11405</Tile>
          <Tile>3_21405</Tile>
          <Tile>3_11406</Tile>
          <Tile>3_21406</Tile>
          <Tile>3_11407</Tile>
          <Tile>3_21407</Tile>
          <Tile>3_11408</Tile>
          <Tile>3_21408</Tile>
          <Tile>3_11409</Tile>
          <Tile>3_21409</Tile>
          <Tile>3_11410</Tile>
          <Tile>3_21410</Tile>
          <Tile>3_11411</Tile>
          <Tile>3_21411</Tile>
          <Tile>3_11412</Tile>
          <Tile>3_21412</Tile>
          <Tile>3_12401</Tile>
          <Tile>3_22401</Tile>
          <Tile>3_12402</Tile>
          <Tile>3_22402</Tile>
          <Tile>3_12403</Tile>
          <Tile>3_22403</Tile>
          <Tile>3_12404</Tile>
          <Tile>3_22404</Tile>
          <Tile>3_12405</Tile>
          <Tile>3_22405</Tile>
          <Tile>3_12406</Tile>
          <Tile>3_22406</Tile>
          <Tile>3_12407</Tile>
          <Tile>3_22407</Tile>
          <Tile>3_12408</Tile>
          <Tile>3_22408</Tile>
          <Tile>3_12409</Tile>
          <Tile>3_22409</Tile>
          <Tile>3_12410</Tile>
          <Tile>3_22410</Tile>
          <Tile>3_12411</Tile>
          <Tile>3_22411</Tile>
          <Tile>3_12412</Tile>
          <Tile>3_22412</Tile>
          <Tile>3_13401</Tile>
          <Tile>3_23401</Tile>
          <Tile>3_13402</Tile>
          <Tile>3_23402</Tile>
          <Tile>3_13403</Tile>
          <Tile>3_23403</Tile>
          <Tile>3_13404</Tile>
          <Tile>3_23404</Tile>
          <Tile>3_13405</Tile>
          <Tile>3_23405</Tile>
          <Tile>3_13406</Tile>
          <Tile>3_23406</Tile>
          <Tile>3_13407</Tile>
          <Tile>3_23407</Tile>
          <Tile>3_13408</Tile>
          <Tile>3_23408</Tile>
          <Tile>3_13409</Tile>
          <Tile>3_23409</Tile>
          <Tile>3_13410</Tile>
          <Tile>3_23410</Tile>
          <Tile>3_13411</Tile>
          <Tile>3_23411</Tile>
          <Tile>3_13412</Tile>
          <Tile>3_23412</Tile>
          <Tile>4_11401</Tile>
          <Tile>4_21401</Tile>
          <Tile>4_11402</Tile>
          <Tile>4_21402</Tile>
          <Tile>4_11403</Tile>
          <Tile>4_21403</Tile>
          <Tile>4_11404</Tile>
          <Tile>4_21404</Tile>
          <Tile>4_11405</Tile>
          <Tile>4_21405</Tile>
          <Tile>4_11406</Tile>
          <Tile>4_21406</Tile>
          <Tile>4_11407</Tile>
          <Tile>4_21407</Tile>
          <Tile>4_11408</Tile>
          <Tile>4_21408</Tile>
          <Tile>4_11409</Tile>
          <Tile>4_21409</Tile>
          <Tile>4_11410</Tile>
          <Tile>4_21410</Tile>
          <Tile>4_11411</Tile>
          <Tile>4_21411</Tile>
          <Tile>4_11412</Tile>
          <Tile>4_21412</Tile>
          <Tile>4_12401</Tile>
          <Tile>4_22401</Tile>
          <Tile>4_12402</Tile>
          <Tile>4_22402</Tile>
          <Tile>4_12403</Tile>
          <Tile>4_22403</Tile>
          <Tile>4_12404</Tile>
          <Tile>4_22404</Tile>
          <Tile>4_12405</Tile>
          <Tile>4_22405</Tile>
          <Tile>4_12406</Tile>
          <Tile>4_22406</Tile>
          <Tile>4_12407</Tile>
          <Tile>4_22407</Tile>
          <Tile>4_12408</Tile>
          <Tile>4_22408</Tile>
          <Tile>4_12409</Tile>
          <Tile>4_22409</Tile>
          <Tile>4_12410</Tile>
          <Tile>4_22410</Tile>
          <Tile>4_12411</Tile>
          <Tile>4_22411</Tile>
          <Tile>4_12412</Tile>
          <Tile>4_22412</Tile>
          <Tile>4_13401</Tile>
          <Tile>4_23401</Tile>
          <Tile>4_13402</Tile>
          <Tile>4_23402</Tile>
          <Tile>4_13403</Tile>
          <Tile>4_23403</Tile>
          <Tile>4_13404</Tile>
          <Tile>4_23404</Tile>
          <Tile>4_13405</Tile>
          <Tile>4_23405</Tile>
          <Tile>4_13406</Tile>
          <Tile>4_23406</Tile>
          <Tile>4_13407</Tile>
          <Tile>4_23407</Tile>
          <Tile>4_13408</Tile>
          <Tile>4_23408</Tile>
          <Tile>4_13409</Tile>
          <Tile>4_23409</Tile>
          <Tile>4_13410</Tile>
          <Tile>4_23410</Tile>
          <Tile>4_13411</Tile>
          <Tile>4_23411</Tile>
          <Tile>4_13412</Tile>
          <Tile>4_23412</Tile>
          <Tile>3_11501</Tile>
          <Tile>3_21501</Tile>
          <Tile>3_11502</Tile>
          <Tile>3_21502</Tile>
          <Tile>3_11503</Tile>
          <Tile>3_21503</Tile>
          <Tile>3_11504</Tile>
          <Tile>3_21504</Tile>
          <Tile>3_11505</Tile>
          <Tile>3_21505</Tile>
          <Tile>3_11506</Tile>
          <Tile>3_21506</Tile>
          <Tile>3_11507</Tile>
          <Tile>3_21507</Tile>
          <Tile>3_11508</Tile>
          <Tile>3_21508</Tile>
          <Tile>3_11509</Tile>
          <Tile>3_21509</Tile>
          <Tile>3_11510</Tile>
          <Tile>3_21510</Tile>
          <Tile>3_11511</Tile>
          <Tile>3_21511</Tile>
          <Tile>3_11512</Tile>
          <Tile>3_21512</Tile>
          <Tile>3_12501</Tile>
          <Tile>3_22501</Tile>
          <Tile>3_12502</Tile>
          <Tile>3_22502</Tile>
          <Tile>3_12503</Tile>
          <Tile>3_22503</Tile>
          <Tile>3_12504</Tile>
          <Tile>3_22504</Tile>
          <Tile>3_12505</Tile>
          <Tile>3_22505</Tile>
          <Tile>3_12506</Tile>
          <Tile>3_22506</Tile>
          <Tile>3_12507</Tile>
          <Tile>3_22507</Tile>
          <Tile>3_12508</Tile>
          <Tile>3_22508</Tile>
          <Tile>3_12509</Tile>
          <Tile>3_22509</Tile>
          <Tile>3_12510</Tile>
          <Tile>3_22510</Tile>
          <Tile>3_12511</Tile>
          <Tile>3_22511</Tile>
          <Tile>3_12512</Tile>
          <Tile>3_22512</Tile>
          <Tile>3_13501</Tile>
          <Tile>3_23501</Tile>
          <Tile>3_13502</Tile>
          <Tile>3_23502</Tile>
          <Tile>3_13503</Tile>
          <Tile>3_23503</Tile>
          <Tile>3_13504</Tile>
          <Tile>3_23504</Tile>
          <Tile>3_13505</Tile>
          <Tile>3_23505</Tile>
          <Tile>3_13506</Tile>
          <Tile>3_23506</Tile>
          <Tile>3_13507</Tile>
          <Tile>3_23507</Tile>
          <Tile>3_13508</Tile>
          <Tile>3_23508</Tile>
          <Tile>3_13509</Tile>
          <Tile>3_23509</Tile>
          <Tile>3_13510</Tile>
          <Tile>3_23510</Tile>
          <Tile>3_13511</Tile>
          <Tile>3_23511</Tile>
          <Tile>3_13512</Tile>
          <Tile>3_23512</Tile>
          <Tile>4_11501</Tile>
          <Tile>4_21501</Tile>
          <Tile>4_11502</Tile>
          <Tile>4_21502</Tile>
          <Tile>4_11503</Tile>
          <Tile>4_21503</Tile>
          <Tile>4_11504</Tile>
          <Tile>4_21504</Tile>
          <Tile>4_11505</Tile>
          <Tile>4_21505</Tile>
          <Tile>4_11506</Tile>
          <Tile>4_21506</Tile>
          <Tile>4_11507</Tile>
          <Tile>4_21507</Tile>
          <Tile>4_11508</Tile>
          <Tile>4_21508</Tile>
          <Tile>4_11509</Tile>
          <Tile>4_21509</Tile>
          <Tile>4_11510</Tile>
          <Tile>4_21510</Tile>
          <Tile>4_11511</Tile>
          <Tile>4_21511</Tile>
          <Tile>4_11512</Tile>
          <Tile>4_21512</Tile>
          <Tile>4_12501</Tile>
          <Tile>4_22501</Tile>
          <Tile>4_12502</Tile>
          <Tile>4_22502</Tile>
          <Tile>4_12503</Tile>
          <Tile>4_22503</Tile>
          <Tile>4_12504</Tile>
          <Tile>4_22504</Tile>
          <Tile>4_12505</Tile>
          <Tile>4_22505</Tile>
          <Tile>4_12506</Tile>
          <Tile>4_22506</Tile>
          <Tile>4_12507</Tile>
          <Tile>4_22507</Tile>
          <Tile>4_12508</Tile>
          <Tile>4_22508</Tile>
          <Tile>4_12509</Tile>
          <Tile>4_22509</Tile>
          <Tile>4_12510</Tile>
          <Tile>4_22510</Tile>
          <Tile>4_12511</Tile>
          <Tile>4_22511</Tile>
          <Tile>4_12512</Tile>
          <Tile>4_22512</Tile>
          <Tile>4_13501</Tile>
          <Tile>4_23501</Tile>
          <Tile>4_13502</Tile>
          <Tile>4_23502</Tile>
          <Tile>4_13503</Tile>
          <Tile>4_23503</Tile>
          <Tile>4_13504</Tile>
          <Tile>4_23504</Tile>
          <Tile>4_13505</Tile>
          <Tile>4_23505</Tile>
          <Tile>4_13506</Tile>
          <Tile>4_23506</Tile>
          <Tile>4_13507</Tile>
          <Tile>4_23507</Tile>
          <Tile>4_13508</Tile>
          <Tile>4_23508</Tile>
          <Tile>4_13509</Tile>
          <Tile>4_23509</Tile>
          <Tile>4_13510</Tile>
          <Tile>4_23510</Tile>
          <Tile>4_13511</Tile>
          <Tile>4_23511</Tile>
          <Tile>4_13512</Tile>
          <Tile>4_23512</Tile>
          <Tile>3_11601</Tile>
          <Tile>3_21601</Tile>
          <Tile>3_11602</Tile>
          <Tile>3_21602</Tile>
          <Tile>3_11603</Tile>
          <Tile>3_21603</Tile>
          <Tile>3_11604</Tile>
          <Tile>3_21604</Tile>
          <Tile>3_11605</Tile>
          <Tile>3_21605</Tile>
          <Tile>3_11606</Tile>
          <Tile>3_21606</Tile>
          <Tile>3_11607</Tile>
          <Tile>3_21607</Tile>
          <Tile>3_11608</Tile>
          <Tile>3_21608</Tile>
          <Tile>3_11609</Tile>
          <Tile>3_21609</Tile>
          <Tile>3_11610</Tile>
          <Tile>3_21610</Tile>
          <Tile>3_11611</Tile>
          <Tile>3_21611</Tile>
          <Tile>3_11612</Tile>
          <Tile>3_21612</Tile>
          <Tile>3_12601</Tile>
          <Tile>3_22601</Tile>
          <Tile>3_12602</Tile>
          <Tile>3_22602</Tile>
          <Tile>3_12603</Tile>
          <Tile>3_22603</Tile>
          <Tile>3_12604</Tile>
          <Tile>3_22604</Tile>
          <Tile>3_12605</Tile>
          <Tile>3_22605</Tile>
          <Tile>3_12606</Tile>
          <Tile>3_22606</Tile>
          <Tile>3_12607</Tile>
          <Tile>3_22607</Tile>
          <Tile>3_12608</Tile>
          <Tile>3_22608</Tile>
          <Tile>3_12609</Tile>
          <Tile>3_22609</Tile>
          <Tile>3_12610</Tile>
          <Tile>3_22610</Tile>
          <Tile>3_12611</Tile>
          <Tile>3_22611</Tile>
          <Tile>3_12612</Tile>
          <Tile>3_22612</Tile>
          <Tile>3_13601</Tile>
          <Tile>3_23601</Tile>
          <Tile>3_13602</Tile>
          <Tile>3_23602</Tile>
          <Tile>3_13603</Tile>
          <Tile>3_23603</Tile>
          <Tile>3_13604</Tile>
          <Tile>3_23604</Tile>
          <Tile>3_13605</Tile>
          <Tile>3_23605</Tile>
          <Tile>3_13606</Tile>
          <Tile>3_23606</Tile>
          <Tile>3_13607</Tile>
          <Tile>3_23607</Tile>
          <Tile>3_13608</Tile>
          <Tile>3_23608</Tile>
          <Tile>3_13609</Tile>
          <Tile>3_23609</Tile>
          <Tile>3_13610</Tile>
          <Tile>3_23610</Tile>
          <Tile>3_13611</Tile>
          <Tile>3_23611</Tile>
          <Tile>3_13612</Tile>
          <Tile>3_23612</Tile>
          <Tile>4_11601</Tile>
          <Tile>4_21601</Tile>
          <Tile>4_11602</Tile>
          <Tile>4_21602</Tile>
          <Tile>4_11603</Tile>
          <Tile>4_21603</Tile>
          <Tile>4_11604</Tile>
          <Tile>4_21604</Tile>
          <Tile>4_11605</Tile>
          <Tile>4_21605</Tile>
          <Tile>4_11606</Tile>
          <Tile>4_21606</Tile>
          <Tile>4_11607</Tile>
          <Tile>4_21607</Tile>
          <Tile>4_11608</Tile>
          <Tile>4_21608</Tile>
          <Tile>4_11609</Tile>
          <Tile>4_21609</Tile>
          <Tile>4_11610</Tile>
          <Tile>4_21610</Tile>
          <Tile>4_11611</Tile>
          <Tile>4_21611</Tile>
          <Tile>4_11612</Tile>
          <Tile>4_21612</Tile>
          <Tile>4_12601</Tile>
          <Tile>4_22601</Tile>
          <Tile>4_12602</Tile>
          <Tile>4_22602</Tile>
          <Tile>4_12603</Tile>
          <Tile>4_22603</Tile>
          <Tile>4_12604</Tile>
          <Tile>4_22604</Tile>
          <Tile>4_12605</Tile>
          <Tile>4_22605</Tile>
          <Tile>4_12606</Tile>
          <Tile>4_22606</Tile>
          <Tile>4_12607</Tile>
          <Tile>4_22607</Tile>
          <Tile>4_12608</Tile>
          <Tile>4_22608</Tile>
          <Tile>4_12609</Tile>
          <Tile>4_22609</Tile>
          <Tile>4_12610</Tile>
          <Tile>4_22610</Tile>
          <Tile>4_12611</Tile>
          <Tile>4_22611</Tile>
          <Tile>4_12612</Tile>
          <Tile>4_22612</Tile>
          <Tile>4_13601</Tile>
          <Tile>4_23601</Tile>
          <Tile>4_13602</Tile>
          <Tile>4_23602</Tile>
          <Tile>4_13603</Tile>
          <Tile>4_23603</Tile>
          <Tile>4_13604</Tile>
          <Tile>4_23604</Tile>
          <Tile>4_13605</Tile>
          <Tile>4_23605</Tile>
          <Tile>4_13606</Tile>
          <Tile>4_23606</Tile>
          <Tile>4_13607</Tile>
          <Tile>4_23607</Tile>
          <Tile>4_13608</Tile>
          <Tile>4_23608</Tile>
          <Tile>4_13609</Tile>
          <Tile>4_23609</Tile>
          <Tile>4_13610</Tile>
          <Tile>4_23610</Tile>
          <Tile>4_13611</Tile>
          <Tile>4_23611</Tile>
          <Tile>4_13612</Tile>
          <Tile>4_23612</Tile>
        </Tiles>
      </TileSet>
    </FlowcellLayout>
    <ImageDimensions Width="2592" Height="1944" />
    <ImageChannels>
      <Name>Red</Name>
      <Name>Green</Name>
    </ImageChannels>
  </Run>
</RunInfo>